{
  "schema": "calor-w4-benchmark-v1",
  "dataset": "Zenodo DOI 10.5281/zenodo.7707929",
  "license": "CC BY 4.0",
  "ci_disclaimer": "WARNING: the per-cell ci_lower_95 / ci_upper_95 fields collapse to near-zero width (exactly zero for NCA-HEI) under the Arrhenius compensation effect. Single-start bootstrap re-converges every resample to the optimum theta*, so these intervals are optimization-geometry ARTIFACTS, NOT credible parameter uncertainty bounds. They are retained only as evidence of the collapse. Do NOT use them as +/- uncertainty on Ea, A, dH, or Cp. See whitepaper sections 2.3 and 3.3.",
  "cells": [
    {
      "label": "NMC（21700）",
      "file": "NMC_SOC100_M1.txt",
      "chemistry": "NMC",
      "T_onset_degC": 90.0,
      "Ea_J_mol": 96343.2493707372,
      "A_1_s": 45534695.76220981,
      "dH_J_kg": 617526.492942172,
      "Cp_J_kgK": 902.6560455669301,
      "nrmse": 0.07469948334025196,
      "method": "Nelder-Mead",
      "converged": false,
      "n_evals": 5198,
      "elapsed_s": 631.9053519169101,
      "ci_lower_95": {
        "Ea": 96343.24937070874,
        "A": 45534537.56553393,
        "dH": 617526.4929421683,
        "Cp": 902.6560454651416
      },
      "ci_upper_95": {
        "Ea": 96343.24937136001,
        "A": 45534754.72948129,
        "dH": 617526.4929421721,
        "Cp": 902.6560477954537
      }
    },
    {
      "label": "LFP（21700）",
      "file": "LFP_SOC100_M1.txt",
      "chemistry": "LFP",
      "T_onset_degC": 120.0,
      "Ea_J_mol": 120000.00796203579,
      "A_1_s": 600475939.5719299,
      "dH_J_kg": 499999.9999371977,
      "Cp_J_kgK": 1000.0306850678318,
      "nrmse": 0.2626948069428183,
      "method": "L-BFGS-B",
      "converged": false,
      "n_evals": 3879,
      "elapsed_s": 1044.1693071250338,
      "ci_lower_95": {
        "Ea": 120000.00796201608,
        "A": 600475939.5719299,
        "dH": 499999.9999371977,
        "Cp": 1000.030684989736
      },
      "ci_upper_95": {
        "Ea": 120000.00796203579,
        "A": 600608435.6854348,
        "dH": 499999.9999371979,
        "Cp": 1000.0306850678318
      }
    },
    {
      "label": "NCA-HEI（21700）",
      "file": "NCA_HEI_SOC100_M1.txt",
      "chemistry": "NCA-HEI",
      "T_onset_degC": 95.0,
      "Ea_J_mol": 121053.83988519922,
      "A_1_s": 1015602.2471370355,
      "dH_J_kg": 499992.94476743083,
      "Cp_J_kgK": 1500.0,
      "nrmse": 0.25430126744393755,
      "method": "L-BFGS-B",
      "converged": true,
      "n_evals": 5241,
      "elapsed_s": 157.1375557499705,
      "ci_lower_95": {
        "Ea": 121053.83988519922,
        "A": 1015602.2471370355,
        "dH": 499992.94476743083,
        "Cp": 1500.0
      },
      "ci_upper_95": {
        "Ea": 121053.83988519922,
        "A": 1015602.2471370355,
        "dH": 499992.94476743083,
        "Cp": 1500.0
      }
    },
    {
      "label": "NCA-HEII（21700）",
      "file": "NCA_HEII_SOC100_M1.txt",
      "chemistry": "NCA-HEII",
      "T_onset_degC": 90.0,
      "Ea_J_mol": 120529.97157773733,
      "A_1_s": 29936034185.162678,
      "dH_J_kg": 492652.8794118074,
      "Cp_J_kgK": 1083.8090579166494,
      "nrmse": 0.10027744398671715,
      "method": "Nelder-Mead",
      "converged": false,
      "n_evals": 5459,
      "elapsed_s": 559.7801874999423,
      "ci_lower_95": {
        "Ea": 120529.97157770087,
        "A": 29935799119.38958,
        "dH": 492652.879411806,
        "Cp": 1083.8090577988849
      },
      "ci_upper_95": {
        "Ea": 120529.97157803005,
        "A": 29936098977.705135,
        "dH": 492652.8794118076,
        "Cp": 1083.8090588616321
      }
    },
    {
      "label": "NCA-HP（21700）",
      "file": "NCA_HP_SOC100_M1.txt",
      "chemistry": "NCA-HP",
      "T_onset_degC": 100.0,
      "Ea_J_mol": 120000.00107672808,
      "A_1_s": 22461635524.295784,
      "dH_J_kg": 499999.9999929263,
      "Cp_J_kgK": 999.9949123174871,
      "nrmse": 0.08900161366237912,
      "method": "L-BFGS-B",
      "converged": true,
      "n_evals": 5459,
      "elapsed_s": 538.5644552500453,
      "ci_lower_95": {
        "Ea": 120000.00107669045,
        "A": 22461494704.12146,
        "dH": 499999.999992926,
        "Cp": 999.9949121743801
      },
      "ci_upper_95": {
        "Ea": 120000.00107675373,
        "A": 22461814184.474262,
        "dH": 499999.9999929267,
        "Cp": 999.994912415009
      }
    }
  ]
}